"",""
"With breastfeeding, I felt too tied down all the time.","Con la lactancia me sentí amarrada todo el tiempo."
"An error occurred when attempting to upate your entry<br />","Se produjo un error al intentar Upate tu <br /> entrada"
"Time","Hora"
"Display Data","Mostrar Datos"
"Tutorials","Tutoriales"
"7 ounces","7 onzas"
"Jaundice","ictericia (bebé amarillento)"
"With breastfeeding I felt a sense of inner contentment.","Amamantando me sentí feliz interiormente."
"Today","Hoy"
"Quiet and alert","Quieto y alerta"
"How did the web-based monitoring help in overcoming your baby's health problems?","¿Cómo le ayudó el sistema en-línea de monitoreo a superar los problemas de salud de su bebé?"
"Please enter pumping amount","Por favor entre cuanta leche se saca"
"Notification Instructions","Instrucciones de notificaciones"
"to","a"
"Not very often","No muy frecuentemente"
"Latest Method Of Delivery","Método de Parto más reciente"
"I found the system unnecessarily complex","el sistema es complicado"
"The International Lactation Consultant Association","Asociación Internacional de Consultores de Lactancia"
"No, never","No, nunca"
"Day","Día"
"Drowsy","Somnoliento"
"Your baby has been difficult to wake and breastfeed. Please do the following","Si le ha costado trabajo despertar a su bebé para amamamntarlo. Por favor haga lo siguiente."
"Dark Yellow","Amarillo oscuro"
"Nipple shields should in general be considered a short-term solution and should be used under the guidance of a Lactation Consultant","Los protectores de pezones en general deben ser considerados como una solución de corto plazo y deben ser usados bajo la guía de un especialista en lactancia "
"Please enter pumping duration","Por favor entre por cuánto tiempo se saca la leche"
"Download For This User","Bajar para este Usuario"
"Breastfeeding follow-up","Seguimiento del amamantamiento"
"Amount","Cantidad"
"Date of discharge","Fecha de dada de alta "
"Health Issue entry not modified.","Entrada de Asunto de Salud no modificada."
"Low maternal weight <50 kg","Peso materno bajo <50 kg"
"1 ounces","1 onza"
"Finish Registering","Final de la Inscripción "
"I can always continue to breastfeed my baby for every feeding.","Siempre puedo continuar amamantando mi bebé durante cada alimentación."
"Nipple shield","Protector de pezón"
"LACTOR is an innovative, interactive web-based breastfeeding monitoring system.  LACTOR was created to help breastfeeding mothers monitor their breastfeeding patterns and detect early breastfeeding problems.  The lactation consultant can also monitor mothers' data and intervene immediately in case of a breastfeeding problem.  Mothers also receive notifications if they have any breastfeeding problem with suggestions to help solve the problem.","LACTOR es un sistema por internet innovador e interactivo de monitoreo de lactancia materna. LACTOR fué creado para ayudar a madres amamantando a monitorear sus patrones de lactancia y a detectar temprano  problemas de lactancia. El especialista en lactancia también puede también monitorear los datos de la madre e intervenir inmediatamente en caso de problemas con amamantar. Las madres también reciben notificaciones si ellas tienen problemas de amamantamiento con sugerencias para resolver los problemas."
"System Feeback Survey Results","Sistema Feeback Resultados de la Encuesta"
"Please enter pumping method","Por favor entre como se saca la leche"
"Decrease body temperature","Disminución en temperatura corporal"
"> 1 year","> 1 año"
"Occupation","Ocupación"
"My baby was an eager breastfeeder.","Mi bebé tenía un breastfeeder ansioso."
"Yes, most of the time I haven't been able","Sí, la mayoría de las veces no he sido capaz de"
"Please enter breastfeeding duration.","Por favor entre la duración de lactancia."
"Contact Web Support","Contaco Con Soporte De Web"
"Demographic Information","Información Demográfica"
"Send Message","Enviar Mensaje"
"¿Prefiere Esapñol?","Do you prefer English?"
"Breastfeeding entry added successfully","Dato de amamantamiento agregado exitosamente"
"Note: Once a child's information has been added for a certain mother, it cannot be undone or modified.","Nota: Una vez que la información de un bebé se ha agregado para cierta mamá, no se puede modificar o cancelar."
"Unread Messages","Mensajes No Leídos"
"3 ounces","3 onzas"
"Health issue entry added successfully","Dato de asunto de salud agregado exitosamente"
"Breastfeeding entry not modified.","Entrada de Amamantamiento no modificada."
"Other (specify)","Otros (especificar)"
"10 ounces","10 onzas"
"Supplement Diary","Diaro de Suplementos"
"Formed","Formado"
"Add/Manage Users","Agregar/Manejar Usuarios"
"Please enter supplement type","Por favor entre el tipo de suplemento"
"Read Messages","Mensajes Leídos"
"Health Issue Diaries","Diarios de Asuntos de Salud"
"Sufficient Breastfeeding Entries","Lactancia suficiente entradas"
"I thought there was too much inconsistency in this system","No tiene sentido el sistema"
"Age","Edad"
"Yes, all the time","Sí, todo el tiempo"
"Breastfeeding was physically draining.","Me cansó mucho dar el pecho"
"My baby loved to nurse.","A mi bebé le encantaba amamantar."
"I would imagine that most people would learn to use this system quickly","Me imagino que la mayoría de las personas aprenderían a usar este sistema rápidamente"
"Output Diary","Diario de Producción"
"Breastfeeing and returning to work","Breastfeeing y el regreso al trabajo"
"Sore nipple","Pezón irritado"
"Please contact the lactation consultant.","Por favor contacte al especialista en lactancia."
"Change Password","Cambiar Contraseña"
"Self Efficacy","Autoeficacia"
"Breastfeeding Self-Efficacy Scale - Short Form","Escala de Confianza Sobre la Lactancia Materna"
"Health Issues Diary","Diario de Asuntos de Salud"
"Partial breastfeeding, High: 50-80%% breastfeeding","Lactancia Materna parcial, Alta: 50-80%% amamantamiento"
"and by","y por"
"Download","Bajar"
"Yes, some of the time","Sí, parte del tiempo"
"Breastfeeding made me feel like a good mother.","El amamantar me hizo sentir como una buena madre."
"System Perception Survey Results","Resultados de Encuesta de Percepción del Sistema"
"Token breastfeeding (&lt;20%% breastfeeding, breastfeed for comfort)","lactancia materna afectiva (ofrece el pecho para dar consuelo)"
"Back to login page","Regresar a página de entrada"
"No breastfeeding entries for date range","No hay datos de amamantamiento para el rango de fechas"
"Not answered","Sin respuesta"
"Modify","Modificar"
"In the past 7 days","En los últimos 7 días"
"I can always manage to breastfeed even if my baby is crying.","Siempre puedo manejar la situación de amamantar aún si mi bebé está llorando ."
"You have recently experienced sore nipples. Please try the following","Usted ha experimentado recientemente pezones irritados. Por favor intente lo siguiente"
"Health","Salud"
"View / Edit Child Information","Ver/Editar Información del Bebé"
"Please enter urine color","Por favor entre el color de la orina"
"Please enter latching information.","Por favor entre información de acoplamiento."
"Contact your primary care provider.","Contacte a su proveedor de cuidado médico."
"Health Issues","Asuntos de Salud"
"My baby is Jaundiced","Mi bebé está amarillo"
"August","Agosto"
"Partial breastfeeding, Medium: 50% breastfeeding","Lactancia Materna parcial, Media: 50% amamantamiento"
"Appropiateness for gestational age","Tamaño apropiado para edad gestacional"
"June","Junio"
"We are very excited that you have decided to join this experiment. We hope that we can help you secure your baby's current and future health by using our monitoring system.","Estamos muy contentos de que usted haya decidido participar en este experimento.Esperamos poder ayudarle en asegurar la salud presente y futura de su bebé a través del uso de nuestro sistema de monitoreo."
"Pattern of breastfeeding (How did you breastfeed your baby in the last 7 days)","Patrón de amamantamiento (¿Cómo amamantó a su bebé en los últimos 7 días?"
"Do you think the system helped you to breastfeed longer?","¿Cree que el sistema le ayudó a aumentar la duración de amamantar?"
"Infant Weight Diary","Diario de Peso del Bebé"
"No, most of the time I have coped quite well","No, la mayoría del tiempo he podido enfrentar las cosas bien "
"While breastfeeding, I worried about my baby gaining enough weight.","Mientras amamantaba, estaba preocupada de que mi bebé ganara suficiente peso."
"October","Octubre"
"View / Edit Mother Information","Ver/Editar Información de la Madre"
"No, I have been coping as well as ever","No, la mayoría del tiempo he podido enfrentar las cosas tan bien como antes"
"Hospital Administrator","Administrador del Hospital"
"Please enter infant alertness.","Por favor entre estado de alerta del bebé."
"Bottle","Biberón"
"Stool Color","Color de la popó"
"Agree","Estoy de acuerdo"
"Strongly<br />Disagree","Estoy totalmente en desacuerdo"
"Child Info","Información del Bebé"
"Date &amp; Time","Fecha y Hora"
"Not at all<br />Confident","Para nada <br />segura"
"My baby wasn't interested in breastfeeding.","Mi bebé no estaba interesado en amamantar."
"As much as I always could","Tanto como siempre he podido"
"Contact local lactation consultant for help.","Contacte al especialista en lactancia para ayuda."
"Mother Log In","Entrada de la Madre"
"Again, we would like to thank you for using our system. We hope you enjoy it.","De nuevo, nos gustaría agradecerle por usar nuestro sistema. Esperamos lo disfrute."
"Urine Color","Color de orina"
"Insufficient Breastfeeding Entries","Lactancia insuficiente entradas"
"Apply cold packs to the breasts after feeding to help reduce swelling, warmth, and pain.","Aplica compresas frías a los senos después de la alimentación para ayudar a reducir la hinchazón, calor y dolor."
"Ethnicity","Etnicidad"
"Hand Pump","Bomba de Mano"
"While breastfeeding, I felt self-conscious about my body.","Mientras amamantaba, estaba muy consciente de mi cuerpo."
"Compose","Escribe"
"for the selected users","para los usuarios seleccionados"
"Mastitis","Mastitis"
"Date Range","Rango de fechas"
"No output entries for date range","No hay datos de producción  para el rango de fechas"
"Indicate your agreement or disagreement with each statement by selecting the best answer.","Indique su acuerdo o desacuerdo con cada afirmación seleccionando la mejor respuesta."
"More than","Más que "
"Read by User","Leído por el usuario"
"Breastfeed Diary","Diario de Lactancia"
"5-10 Minutes","5-10 Minutos"
"Yes, most of the time","Sí, la mayoría del tiempo"
"Remove Hospital","Eliminar Hospital"
"Self-efficacy Survey Results","Resultados de Encuesta de Evaluación de Autoeficacia"
"Strongly Disagree","Estoy en fuerte desacuerdo"
"Yes, quite a lot","Sí, bastante"
"Frequency of breast milk expression","Veces al dia que se saca la leche"
"Flat/inverted nipple","Pezón plano/invertido"
"Log Out","Salir"
"Manage Users","Manejar Usuarios"
"Add Child Information","Agregar información del Bebé"
"Insufficient Breastfeeding","Lactancia insuficiente"
"Lactor Mobile","Lactor móvil"
"No problems","Sin problemas"
"I have blamed myself unnecessarily when things went wrong","Me he culpado sin necesidad cuando las cosas han salido mal"
"3-4 times","3-4 veces"
"View Security/Privacy Information","Ver Información De Seguridad Y Privacidada"
"View","Ver"
"All","Todos"
"Current Notifications","Notificaciones actuales"
"Infant Weight","Peso del Bebé"
"My baby gained weight really well with breast milk.","Mi bebé ganó buen peso con leche materna."
"Results","Resultados"
"Do you think the monitoring helped you to decrease supplementation with any substance other than breast milk?","¿Cree que el monitoreo le ayudó a disminuir la suplementación con sustancias diferentes a leche materna?"
"Pumping entry added successfully","Dato de extracción agregado exitosamente"
"Add User","Agregar Usuario"
"Bleeding during pregnancy","Hemorragia durante embarazo"
"No past breastfeeding experience","No pasado experiencia de lactancia"
"> 15 Minutes","> 15 Minutos"
"In the beginning, my baby had trouble breastfeeding.","En el comienzo, mi bebé tuvo problemas amamantando."
"Personal / Contact Information","Información Personal / de Contacto"
"View/Edit Mother Info","Ver/Editar Información de la Madre"
"Yes, sometimes I haven't been coping as well","Sí, algunas veces no he podido hacer frente a las cosas tan bien"
"Breastfeeding was a very nurturing, maternal experience.","El amamantar fué una experiencia maternal muy enriquecedora."
"Entry Not Found","Entrada no encontrada"
"Hospital Management","Director del Hospital"
"Breastfeeding Evaluation Survey Results","Resultados de Encuesta de Evaluación del Amamantamiento"
"I can always breastfeed my baby without first using formula as a supplement.","Siempre puedo amamantar a mi bebé sin usar primero la fórmula como suplemento."
"Was the web-based breastfeeding monitoring helpful in recognizing your baby's breastfeeding problems?","¿Fué el sistema sistema en-línea de monitoreo de lactancia materna útil para reconocer los problemas para amamantar?"
"Supplement Entry","Entrada de Suplemento"
"NOTE: Please add different entries for different forms of output.","NOTA: Por favor agregue las direntes entradas para las diferentes formas de producción"
"Infant initials","Iniciales del Bebé"
"HouseIncome","Ingresos Familiares"
"Effective breastfeeding is from 8 to 12 times per day.","La lactancia materna eficaz es de 8 a 12 veces al día."
"Cup","Taza"
"Supplement entry not modified.","Entrada de Suplemento no modificada."
"Breastfeeding made me feel more confident as a mother.","El amamantar me hizo sentir más segura como madre."
"Log In","Entrar"
"Sufficient Output Entries","Exitosamente suficiente entradas"
"My baby was an eager breast feeder.","A mi bebé le gustó mucho tomar el pecho"
"Please enter number of doses","Por favor entre el número de veces"
"No data has been entered.","No se han entrado datos."
"Your records showed that you breastfed your baby less than 6 times last 24 hours. Please note the following","Su registro muestra que usted amamantó a su bebé menos de 6 veces en las últimas 24 horas. Por favor note lo siguiente"
"Things have been getting on top of me","No puedo con todo"
"Fields indicated with a (*) MUST be filled.","Todas las preguntas marcadas con  un (*) DEBEN ser completadas."
"Previous premature &lt; 37 weeks","Prematuro anterior &lt; 37 semanas"
"When your baby is born a little early","Cuando su bebé ha nacido temprano"
"Diary Query Values","Valores de Diario"
"Don't have enough milk","No tengo suficiente leche"
"Where is this information?","¿Dónde está ésta información?"
"Please fill out all the fields.","Por favor conteste todas las preguntas."
"Enable User","Activar Usuario"
"Indiana CTSI","CTSI Indiana"
"I can always comfortably breastfeed with my family members present.","Siempre puedo amamantar cómodamente con miembros de la familia presentes."
"I can always deal with the fact that breastfeeding can be time consuming.","Siempre puedo manejar el que amamantar se lleve tiempo."
"Yellow","Amarillo"
"I can always tell when my baby is finished breastfeeding.","Siempre puedo determinar cuando mi bebé ha terminado de amamantar."
"Please enter pumping amount.","Por favor entre cantidad de extracción."
"My_Baby_is_Jaundiced.pdf","My_baby_is_jaundiced_es.pdf"
"From","De"
"Disable User","Desactivar Usuario"
"Please enter breastfeeding maternal problems.","Por favor entre problemas para amamantar maternos."
"Ounces","Onzas"
"I have been able to laugh and see the funny side of things","He podido reirme y ver el lado chistoso de las cosas"
"Wake the baby every 3 hours.","Despierte al bebé cada 3 horas."
"Breastfeeding was emotionally draining.","El amamantar fué emocionalmente agotador."
"Issue Mother Information","Expedir Información de la Madre"
"Crying","Lloroso"
"Type","Tipo"
"You have recently experienced difficulty with your baby latching. Please do the following","Usted ha experimentado recientemente dificultad con el acoplamiento de su bebé. Por favor haga lo siguiente"
"More","Más"
"Breastfeeding entry updated.","Entrada de amamantamiento actualizada."
"Report any decrease in wet and dirty diapers.","Reporte cualquier disminución en pañales mojados y sucios."
"While breastfeeding, my baby's growth was excellent.","Durante la lactancia, el crecimiento de mi bebé fué excelente."
"Black/tarry meconium","Meconio negro/sanguinolento"
"I think that I would need the support of a technical person to use this system","Creo que necesitaría el apoyo de una persona técnica para usar este sistema"
"Cereal","Cereal"
"Previous antepartum hemorrahage","Hemorrahage antes del parto anterior"
"Sleep Problem","Problema de Sueño"
"See Notifications","Ver Notificaciones"
"Latching","Acoplamiento"
"Sometimes","Algunas veces"
"Baby Sleepy","Bebé somnoliento"
"Send self-efficacy survey","Enviar encuesta de confianza"
"User Type","Tipo de Usuario"
"Log in","Iniciar la sesión"
"Provide jaw support during feeding.","Provea apoyo para la mandíbula durante la alimentación."
"Breastfeeding felt wonderful to me.","El amamantar fué maravilloso para mi."
"Parity","Número de Partos"
"ATTENTION: Mistakes in this page cannot be reverted once submitted.","ATENCION: Una vez enviada ésta página no se puede cambiar la información."
"Yes, sometimes","Sí, a veces"
"September","Septiembre"
"Choose one","Escoja uno"
"I have been so unhappy that I have been crying","He estado tan triste que he estado llorando"
"logo.png","logo_es.png"
"Things have been geting on top of me","No puedo con todo"
"times","veces"
"Past","Pasado"
"PROM","Ruptura prematura de membrana"
"You have recently experienced breast engorgement. Please try the following","Usted ha experimentado congestión mamaria recientemente. Por favor intente lo siguiente"
"Pumping Amount","Cantidad de Extracción"
"Loose and seedy","Suelto y granuloso"
"Express colostrum or milk onto your nipples before and after feedings.","Exprese calostro  o leche en sus pezones antes y después de las alimentaciones."
"The fact that I could produce the food to feed my own baby was very satisfying.","El hecho de que hubiera podido producir el alimento para mi bebé fué muy satisfactorio."
"Was the data entry time consuming? Do you have any suggestions?","¿Le llevó mucho tiempo meter la información en el sistema? ¿Tiene algunas sugerencias?"
"Hardly at all","Para nada"
"An error occurred when attempting to update your entry<br />","Un error ha ocurrido mientras ha tratado de actualizar su entrada"
"Managing your milk supply","Manejando su reserva de leche"
"No notifications entries for date range","No hay datos de Notificaciones para el rango de fechas"
"2 ounces","2 onzas"
"It was important to me to be able to nurse.","Era importante para mi el poder amamantar."
"Postnatal Depression","Depresión después del parto"
"Vary nursing positions, so the baby's positions on the breast are changed.","Cambie las posiciones de lactancia, de tal modo que las posiciones del bebé en la mama cambien"
"Your records showed that you are using nipple shields. Please note the following","Su registro muestra que usted está usando protectores de pezones . Por favor note lo siguiente"
"Total Amount","Cantidad Total  "
"I found the various functions in this system were well integrated","El sistema está bien integrado"
"Time &amp; Day","Hora y Día"
"Welcome!","¡Bienvenida!"
"Lack or late prenatal care","Falta de o demora en cuidado prenatal"
"I have felty happy","Tengo Felty feliz"
"Date","Fecha"
"Please fill out all the fields","Por favor complete todas los espacios en blanco"
"Hospital","Hospital"
"Total Amount Today","Cantidad Total  Hoy"
"Search","Buscar"
"Read by Admin","Leído por el administrador"
"Add entry","Agregar entrada"
"Number Of Doses Today","Número total de veces el día de hoy"
"Output Entry","Información acerca las evacuaciones."
"You did a great job of entering your baby's output data today! Keep doing what you're doing!","¡Has hecho un gran trabajo de introducción de datos de salida de su bebé hoy! ¡Sigue haciendo lo que estás haciendo!"
"Please enter pumping method.","Por favor entre método de extracción."
"I can always manage to keep up with my baby's breastfeeding demands.","Siempre puedo manejar las demandas de lactancia de mi bebé."
"Please enter urine saturation","Por favor entre la cantidad de la orina que hay el pañal"
"I can always successfully cope with breastfeeding like I have with other challenging tasks.","Siempre puedo lograr con éxito amamantar como lo hago con otros retos."
"Sleepy baby","Bebé se duerme"
"Problem","Problema"
"Slightly wet","Un poco húmeda"
"Lactation Consultant","Especialista en Lactancia"
"Please enter breastfeeding duration","Por favor entre la duración de amamantamiento"
"Breastfeeding was a special time with my baby.","El amamantamiento fué un tiempo especial con mi bebé."
"Infant alertness must be entered.","Estado de alerta del bebé debe ser entrado."
"Gestational age","Edad Gestacional"
"Please enter breastfeeding infant alertness","Por favor entre el estado de alerta del bebé"
"How often do you give a supplemental feeding?","¿Cuántas veces al día le da otros alimentos a su bebé?"
"Feeding Cues","Indicaciones de alimentación"
"<3 months","<3 meses"
"Frequency","Frecuencia"
"You have successfully logged out","Usted ha salido exitosamente"
"While breastfeeding, I was anxious to have my body back.","Mientras amamantaba, estaba ansiosa de recuperar mi figura."
"Cancel","Cancelar"
"Do you think the system helped you to brestfeed longer? Explain.","¿Cree que el sistema le ayudó a aumentar la duración de lactancia? Explique"
"I have felt scared of panicky for no very good reason","He sentido miedo de pánico sin razón muy buena"
"Please enter breastfeeding latching","Por favor entre el acoplamiento de amamantamiento"
"If you breastfed more than one baby, base your answers on the most recent experience. Consider the overall breastfeeding experience, and please do not skip any questions.","Si usted amamantó a más de un bebé, base sus respuestas en la experiencia más reciente. Considere la experiencia general de lactancia, y por favor no se salte ninguna pregunta."
"Please enter number of diapers","Por favor entre el número de pañales"
"Enter your email address","Entrar su dirección de correo electrónico"
"Date of birth","Fecha de nacimiento"
"You have successfully logged out.","Usted ha salido exitosamente."
"Submit","Enviar"
"Error: No Suvery Results Avaliable","Error: No hay resultados disponibles Suvery"
"Current","Actual"
"Other","Otro"
"Infant alertness","Estado de alerta del bebé"
"Not at all","Para nada"
"Breastfeeding Evaluation","Evaluación de Amamantamiento"
"Causes of supplemental feeding","¿Por qué le da otros alimentos a su bebé además de leche materna?"
"Phone number","Número de Teléfono"
"Herbs","Té"
"Send breastfeeding evaluation","Enviar evaluación de amamantamiento"
"Breastfeeding made me feel like a cow.","El amamantar me hizo sentir como una vaca."
"Rather less than I used to","Menos de lo que acostumbraba"
"Continue breast-feeding even if nipples are sore or cracked. Try to feed the baby from the less painful breast first","Continúe amamantando aún si los pezones están irritados o agrietados. Trate de alimentar al bebé con el pecho menos doloroso primero."
"Latch with nipple shield","Acoplamiento con protector de pezón"
"Hardly ever","Casi nunca"
"View/Edit Child Info","Ver/Editar Información del Bebé"
"Choose One","Escoja Uno"
"Repeat New Password","Repetir Nueva Contraseña"
"No pumping entries for date range","No hay datos de extracción para el rango de fechas"
"8 ounces","8 onzas"
"Infant Alertness","Estado de alerta del bebé"
"Super Administrator","Super Administrador"
"Login","Entrar"
"Side","Lado"
"A maximum of 500 letters per field.","Máximo 500 letras por espacio."
"Breastfeeding","Amamantamiento"
"Hand pump","Extracción manual"
"Total","Total"
"Make sure that your baby is latched on well, so that baby opens mouth wide.","Asegúrese que el bebé está correctamente acoplado, de tal modo que abra bien la boca."
"Yes, most of the time I haven't been able to cope at all","Sí, la mayoría del tiempo no he sido capaz de hacer frente a todo."
"Purdue University's Bindley Bioscience Center","Centro Bindley de Biociencia de la Universidad de Purdue"
"I can always be satisfied with my breastfeeding experience.","Siempre puedo estar satisfecha con mi experiencia de amamantar."
"Side:","Lado:"
"When_your_baby_is_born_a_little_early.pdf","When_your_baby_is_born_a_little_early_es.pdf"
"Household Income","Ingresos Familiares"
"Hospitalization during the first month","Hospitalización durante el primer mes"
"Pump every 3 hours.","Extraiga cada 3 horas."
"I have been so unhappy that I have had difficulty sleeping","He estado tan triste que he tenido dificultad para dormir"
"First primary care provider visit","Primera visita al doctor"
"You have chosen to delete the following accounts","Usted ha optado por borrar las siguientes cuentas"
"Partial breastfeeding, High: 50-80% breastfeeding","Lactancia Materna parcial, Alta: 50-80% amamantamiento"
"Full message","Mensaje completo"
"Add Hospital","Agregar Hospital"
"I can always finish feeding my baby on one breast before switching to the other breast.","Siempre puedo terminar de alimentar a mi bebé en un pecho antes de pasar al otro."
"Past Obstetrical History","Historia Médica de Otros Embarazos"
"Breastfeeding Entry","Entrada de amamantamiento"
"You did a great job of entering your breastfeeding data entries today! Keep up the great work!","¡Has hecho un gran trabajo de introducción de sus entradas de datos lactancia hoy! ¡Sigan con el buen trabajo!"
"Back to notifications","Regresar a notificaciones"
"No, not at all","No, para nada"
"Gestational Diabetes","Diabetis Gestacional"
"Notifications","Notificaciones"
"No health issue entries for date range","No hay datos de asutos de salud para el rango de fechas"
"Others","Otros"
"Difficult or trouble breathing","Dificultad respiratoria"
"new notifications","nuevas notificaciones"
"The thought of harming myself has occurred to me","Se me ha ocurrido hacerme daño"
"You have reported that your baby having a yellowish discoloration of the skin. Please do the following","Usted ha reportado que su bebé tiene una coloración amarillenta en la piel. Por favor haga lo siguiente"
"System Feedback","Comentarios acerca del sistema"
"I have looked forward with enjoyment to things","He anhelado el disfrutar cosas"
"How long are you planning to breastfeed your baby?","¿Cuánto tiempo planea amamantar a su bebé?"
"Left side","Lado izquierdo"
"Set","Fijar"
"Unread by Admin","No leído por el administrador"
"Questionnaires","Cuestionarios"
"Predominant breastfeeding (Give herbs, liquid, no formula)","Mayormente pecho (da té, líquidos, no fórmula)"
"Minutes","Minutos"
"My baby and I worked together to make breastfeeding go smoothly.","Mi bebé y yo trabajamos juntos para hacer fácil el amamantar."
"Right","Derecho"
"View Diary","Ver Diario"
"Do you give any other substances (supplementation) for your baby?","¿Le da otros alimentos a su bebé además de leche materna?"
"Yes, all of the time","Sí, todo el tiempo"
"I felt extremely close to my baby when I breastfed.","Me sentí muy cercana a mi bebé cuando lo amamantaba."
"Pump after each feeding if baby did you get enough.","Extraiga después de cada alimentación si el bebé no comió suficiente."
"Number of Doses","Número total de veces"
"Breastfeeding Followup","Lactancia Seguimiento"
"Sore Nipple","Pezón irritado"
"Fourth / More","Cuarto / Más"
"Great job!","¡Gran trabajo!"
"Breastfeed often (Every 1&frac12; to 3 hours for 8 to 12 feedings a day) to reduce engorgement.","Amamante con frecuencia (cada hora y media a 3 horas para un total de 8 a 12 alimentaciones por día) para reducir congestión mamaria."
"Please enter stool consistency","Por favor entre la cantidad de popóque hay en el pañal"
"Maternal Problems","Problemas Maternos"
"I can always keep wanting to breastfeed","Siempre puedo querer seguir amamantando."
"Baby is fussy and crying","Bebé es quisquilloso y llorón"
"Active alert","Activo alerta"
"Make sure that the baby is latching correctly.","Asegúrese que el bebé astá acoplándose correctamente."
"An error occurred when attempting to log your entry<br />","Un error ha ocurrido durante el proceso de su entrada "
"Formula","Fórmula"
"Skin-to-skin contact (remove all clothing from baby except diaper, place the baby on your bare chest. The baby will crawl to the breast and latch)","Contacto Piel-a-Piel (quítele toda la ropa al bebé -excepto por el pañal-, coloque al bebé en su pecho desnudo. El bebé se moverá al pecho y se acoplará"
"Breastfeeding Follow-up Survey Results","Resultados de Encuesta de Seguimiento del Amamantamiento"
"Health issue entry updated.","Entrada de Asunto de salud actualizada."
"Morbidities","Enfermedades"
"This action is irreversible. Are you sure you want to do this?","Esta acción es irreversible. ¿Está seguro que quiere hacer esto?"
"Pumping","Bombeo"
"Download All Of This Type","Bajar todo de este Tipo"
"Pumping entry not modified.","Entrada de extracción no modificada."
"TotalAmount","TotalAmount"
"July","Juli"
"I really enjoyed nursing.","Disfruté mucho el amamantar."
"System Feedback Survey Results","Resultados de Encuesta de Realimentación del Sistema"
"PM","PM"
"Pumping duration","Duración sacando la leche"
"Milk expression and pumping","Eyección de leche y extracción "
"Log In As Mother","Entrar como Madre"
"Race","Raza"
"Self Efficacy Survey","Encuesta de Autoeficacia"
"Close","Cerrar"
"If yes, what kind of supplement do you give?","Si le da otros alimentos a su bebé ¿Qué otros alimentos le da a su bebé además de leche materna? "
"March","Marzo"
"Tips for breastfeeding your premature baby","Consejos para amamantar a su bebé prematuro"
"This project is supported by grants from","Proyecto financiado por becas de"
"Yes quite often","Sí muy a menudo"
"Number of Diapers","Número de pañales"
"minutes","minutos"
"I could easily fit my baby's breastfeeding with my other activities.","Pude fácilmente acomodar la lactancia de mi bebé con mis otras actividades."
"Partial breastfeeding, Medium: 50%% breastfeeding","Lactancia Materna parcial, Media: 50%% amamantamiento"
"Reset Password","Cambiar la contraseña"
"Dehydration","Deshidratación"
"Skin-to-skin care for 30 min.","Cuidado Piel-a-Piel por 30 minutos."
"Amber Yellow","Amarillo ámbar"
"System Perception","Opinión del sistema"
"Yes","Sí"
"In this email you will find your temporary password. You will be asked to change it as soon as you log in.","En este correo usted encontrará una contraseña temporal. Se le pedirá que la cambie tan pronto como entre."
"Pump after each feeding (every 3 hours).","Extraiga después de cada alimentación (cada 3 horas)."
"Send postnatal depression survey","Enviar encuesta de depresión postparto"
"I think that I would like to use this system frequently","Creo que me gustaría usar este sistema seguido "
"Toxemia of Pregnancy","Toxemia de embarazo"
"Make sure that your baby is latching on and feeding well.","Asegúrese que su bebé está acoplándose y alimentando apropiadamente."
"Pumping method","Método para sacar la leche"
"Contact your lactation consultant if you have any question.","Contacte a su especialista en lactancia si tiene alguna pregunta."
"Method","Método"
"Double electric pump","Sacaleches eléctrico doble"
"Managing_your_milk_supply.pdf","Managing_your_milk_supply_es.pdf"
"Watery","Acuoso"
"Add Entry","Agregar entrada"
"Make sure that your baby is getting enough milk and gaining weight","Asegúrese que su bebé está recibiendo suficiente leche y ganando peso"
"If any of this information is incorrect","Si alguna de esta información es incorrecta"
"See Entries","Ver Entradas"
"Urine Saturation","Cantidad de orina"
"last %d days","últimos %d días"
"Phone","Teléfono"
"Spoon","Cuchara"
"Logout","Salir"
"Desktop site tutorials","Sitio de tutoriales para escritorio"
"Medical Information","Información Médica"
"> 10 ounces","> 10 onzas"
"Survey Results","Resultados de Encuesta"
"Mothers","Madres"
"Output entry updated.","Entrada de producción actualizada."
"While breastfeeding, I felt self-concious about my body.","Durante la lactancia, sentí auto-consciente sobre mi cuerpo."
"You did a great job of reading your notifications today! Keep it up!","¡Has hecho un gran trabajo de leer sus notificaciones hoy! ¡Sigue así!"
"Ideal breastfeeding during the first month is from 8 to 12 times per day. Feeding your baby less than 6 times per day will decrease your milk supply.","El amamantamiento ideal durante el primer mes es entre 8 y 12 veces por día. Amamantar a su bebé menos de 6 veces por día disminuirá su reserva de leche."
"Times of extra primary care on first month","Número de veces de cuidado médico adicional durante el primer mes"
"5 ounces","5 onzas"
"Log back in.","Volver a entrar."
"Action","Acción"
"Pasteurized human milk","Leche humana pasteurizada"
"Low birth weight infant","Bebé de bajo peso al nacer"
"Two times or less","Dos veces o menos"
"Supplement entry updated.","Entrada de suplemento actualizada."
"Supplement","Suplemento"
"3-6 months","3-6 meses"
"Need for extra primary care provider","Necesidad de proveedor adicional de cuidado médico"
"Unread by User","No leído por el usuario"
"Pump every 3 hours if baby does not latch.","Extraiga cada 3 horas si el bebé no se acopla."
"7-12 months","7-12 meses"
"First and Last name","Nombre y Apellido"
"January","Enero"
"Weight at discharge","Peso al salir"
"I have felt happy","Me he sentido feliz"
"I can always manage the breastfeeding situation to my satisfaction.","Siempre puedo manejar cualquier situación de amamantar satisfactoriamente"
"Breast tissue is soft/no milk coming in","Tejido de mama es suave/No hay salida de leche"
"Try to breastfeed your baby as much as you can and avoid any supplementation.","Trate de amamantar a su bebé lo que más pueda y evite suplementos."
"Profile","Perfil"
"Skin-to-skin contact (remove all clothing from the baby -except diaper-, place the baby on your bare chest. The baby will crawl to the breast and latch).","Contacto Piel-a-Piel (quítele toda la ropa al bebé -excepto por el pañal-, coloque al bebé en su pecho desnudo. El bebé se moverá al pecho y se acoplará"
"Exclusive breastfeeding (only breast milk, no other supplement with even water)","Puro pecho (sólo leche materna, no agua ni ningún otro líquido o alimento)"
"Address","Dirección"
"1-2 Minutes","1-2 Minutos"
"Detach your baby carefully off of the breast when feeding is finished","Desacople el bebé cuidadosamente del pecho una vez termine la alimentación"
"I can always determine that my baby is getting enough milk.","Siempre estoy segura que mi bebé recibe suficiente leche"
"Infant's age at first feeding session","Edad del Bebé en la primera alimentación"
"Third","Tercera"
"Residence","Residencia"
"History of pregnancy loss","Historia de pérdida de embarazo"
"Cultural/tradition","Cultura/Tradición"
"Attention: You have","Atención: Usted tiene"
"Not quite so much now","No tanto ahora"
"Query","Búsqueda"
"Low maternal weight","Peso materno bajo"
"Breastfeeding latching must be entered.","Acoplamiento debe ser entrado."
"Past breastfeeding experience","Experiencia pasada dando pecho"
"4 ounces","4 onzas"
"May","Mayo"
"Duration","Duración"
"Breastfeeding/baby Problems","Problemas del bebé para tomar pecho"
"Child Information","Información del Bebé"
"Breastfeeding duration:","Duración de lactancia:"
"Edinburgh Postnatal Depression Scale","Escala de Edinburgo para Depresión después del parto."
"Maternal breastfeeding problems:","Problemas maternos para amamantar:"
"Mother","Madre"
"Strongly Agree","Estoy en fuerte acuerdo"
"Pumping Method","Método de Extracción"
"For each of the following statements, please choose the answer that best describes how confident you are with breastfeeding your new baby. Please mark your answer by clicking the button that is closest to how you feel. There is no right or wrong answer.","Para cada una de las siguientes afirmaciones, por favor escoja la respuesta que mejor describe cuán segura se siente en amamantar a su bebé. Por favor marque su respuesta dando click en la respuesta que más se acerca a cómo se siente. No existe respuesta correcta o incorrecta. "
"Expressed milk","Leche eyectada"
"ounces","onzas"
"3-4 Minutes","3-4 Minutos"
"Time of starting breast milk expression","Hora de la primera sacada de leche"
"No breastfeeding (exclusive formula)","No dió pecho (sólo fórmula)"
"Mother Information","Información de la Madre"
"Notification","Notificacion"
"Going back to class/work","Regreso a clases/trabajo"
"Please enter breastfeeding maternal problems","Por favor entre los problemas maternos"
"Inbox","Bendeja De Entrada"
"The data has yet to be entered by the lactation consultant.","Los datos aún están por ser completados por el especialista en lactancia."
"Reset","Reiniciar"
"Previous premature < 37 weeks","Prematuro anterior &lt; 37 semanas"
"Please enter total amount","Por favor entre la cantidad total"
"How did it help?","¿Cómo le ayudó?"
"My baby did not relax while nursing.","Mi bebé no se relajaba mientras lactaba."
"Visit","Visita"
"Weight Loss","Pérdida de peso"
"Slighly wet","Ligeramente húmedo"
"Mark as read","Marcar como leído"
"Contact local lactation consultant.","Contacte el especialista en lactancia."
"Partial breastfeeding, Low: 20-50%% breastfeeding","Lactancia Materna parcial, Baja: 20-50%% amamantamiento"
"Not wet at all","No está mojado "
"I needed to learn a lot of the things before I could get going with this system","Tuve necesidad de aprender muchas de las cosas antes de poder empezar con este sistema"
"Please enter stool color","Por favor entre el color de la materia fecal"
"Finish Feedback","Fin de comentarios"
"Password","Contraseña"
"pounds","libras"
"Welcome to LACTOR","Bienvenida a LACTOR"
"Maternal breastfeeding problems","Problemas de  amamantar maternos"
"please contact the lactation consultant","Por favor contacte al especialista en lactancia"
"Latching Problems","Problemas de Acoplamiento"
"Health Issue Entry","Información sobre la salud"
"Black/green","Negro/verde"
"Infant alertness:","Estado de alerta del bebé:"
"Breastfeeding was soothing when my baby was upset or crying.","El amamantar calmaba a mi bebé cuando estaba llorando o inquieto."
"Supplemental Set","Equipo suplementario"
"Sleepy","Somnoliento"
"My baby gained weight really well with breastmilk.","Mi bebé aumentado de peso muy bien con la leche materna."
"Self-efficacy Survey","Encuesta sobre la confianza que se tiene usted."
"9 ounces","9 onzas"
"Email","Correo Electrónico"
"As much as I ever did","Tanto como siempre"
"Name","Nombre"
"Mother's Portal","Portal de la Madre"
"Output entry added successfully","Por favor entre la consistencia de la popó (o caca)"
"Number of Doses Today","Número total de veces el día de hoy"
"No, not very often","No, no muy frecuentemente"
"You should have an email from LACTOR, with the subject New Mother User. If you do not find it, look for it in the junk mail, if it is not there, contact us by clicking the link at the bottom.","Usted debe tener un mensaje electrónico de LACTOR, con el asunto Nueva Madre Usuario. Si usted no lo encuentra, por favor búsquelo en la carpeta de correo no deseado (basura), si no está ahí, contáctenos haciendo click en el enlace abajo. "
"Compose Message","Escribe Mensaje"
"Forgot your password?","¿Olvidó su contraseña?"
"Education","Educación"
"User Accounts","Usuarios de Cuentas"
"Not at All","Para nada"
"Breastfeed the baby more frequently.","Amamante al bebé con más frecuencia."
"Not applicable","No aplica"
"Manual hand pump","Sacaleches manual"
"Reply","Respuesta"
"I have felt scared or panicky for no very good reason","Me he sentido asustada o con pánico sin razón"
"Pumping entry updated.","Entrada de extracción actualizada."
"I thought the system was easy to use","El sistema es fácil de usar"
"Request system feedback","Solicitar realimentación del sistema"
"Inability to latch","Bebé no se pega al pecho"
"Breastfeed your baby more often.","Amamante al bebé con más frecuencia."
"Breastfeeding duration","Duración de amamantamiento"
"You have no unread notifications","Usted tiene notificaciones no leídas"
"First","Primera"
"Breastfeeding Followu","La lactancia materna Followu"
"Delete User","Borrar Usuario"
"Engorgement","Congestión mamaria"
"December","Diciembre"
"months","meses"
"Very<br />Confident","Muy<br />segura"
"Scientist","Científico"
"Type of first feeding","Tipo de la primera alimentación "
"Strongly<br />Agree","Estoy totalmente de acuerdo"
"Baby tires easily","Bebé se cansa pronto"
"I can always ensure that my baby is properly latched on for the whole feeding.","Siempre puedo asegurar que mi bebé está acoplado de modo apropiado durante toda la alimentación."
"Infant weight at birth","Peso del Bebé al nacer"
"No","No"
"Educational Materials","Materiales educativos"
"Definitely less than I used to","Definitivamente menos de lo que acostumbraba"
"Archived","Archivado"
"Work with your lactation consultant to solve the problem behind using nipple shields.","Trabaje con su especialista en lactancia para resolver el problema detrás del uso de los protectores de pezones."
"Infection","Infección"
"Health Issue","Asunto de salud"
"New Password","Nueva Contraseña"
"Disagree","Estoy en desacuerdo"
"Neutral","Neutral"
"new messages","nuevas mensajes"
"11-15 Minutes","11-15 Minutos"
"Latching.pdf","Learning_the_dance_of_latching_es.pdf"
"Credentials","Credenciales"
"November","Noviembre"
"After feeding, allow the nipples to air dry.","Después de alimentar, permita que los pezones sequen al aire libre."
"Heavily wet","Bastante mojado"
"Maternal problems must be entered.","Problemas maternos deben ser entrados."
"Supplement entry added successfully","Dato de suplemento agregado exitosamente"
"Cumulative Breastfeeding Experience","Meses De Experiencia Dando Pecho En Total (Incluyendo Todos Los Partos)"
"Yes, quite often","Sí, muy a menudo"
"Maternal History During Pregnancy","Historial Materna Durante el Embarazo"
"I found the system very cumbersome to use","Encontré el sistema muy difícil de usar"
"Double Electric Pump","Bomba Eléctrica Doble"
"Left","Izquierdo"
"Stool Consistency","Consistencia de la popó"
"5-6 times","5-6 veces"
"Login Information","Información para entrar"
"Breastfeeding was like a high of sorts.","El amamantar fué una experiencia inigualable."
"Moderately wet","Moderadamente mojado"
"Yes, very often","Sí, frecuentemente"
"It was a burden being my baby's main source of food.","Fué una carga el ser la única fuente de alimento de mi bebé."
"An error occurred while processing your submission. Please contact the site administrator.","Un error ha ocurrido durante el proceso de su envío. Por favor contacte al administrador del sitio."
"Send breastfeeding followup","Enviar followup lactancia"
"6 ounces","6 onzas"
"How many times do you breastfeed your baby per day?","¿Cuántas veces amamanta a su bebé durante el día?"
"Definitely not so much now","Definitivamente no mucho"
"I felt very confident using the system","Tuve mucha confianza usando el sistema"
"Introduction","Introducción "
"Tips_for_breastfeeding_your_premature_baby.pdf","Tips_for_greastfeeding_your_preterm_baby_es.pdf"
"Sufficient Notification Reading","Leyendo suficiente de notificatiónes"
"Was the data entry a burden for you or overwhelming? Do you have any suggestions?","¿Fué la entrada de datos una carga o algo tediosa? ¿Tiene algunas sugerencias?"
"To","Hasta"
"Slipping of the breast","Deslizamiento del pecho"
"New","Nuevo"
"Log In As","Entrar como"
"Logged in as scientist.","Ha iniciado seción como científico."
"Read Notifications","Leer notificaciones"
"Mark As Read","Marcar como leído"
"Latch correctly","Acoplamiento correcto"
"Manually express or pump enough to soften your breast before putting your baby to the breast","Saquese la leche manualmente o extraiga lo suficiente para suavizar los pechos antes de poner el bebé al pecho."
"Never","Nunca"
"Yesterday","Ayer"
"Proxy","Representante"
"No supplement entries for date range","No hay datos de suplementos para el rango de fechas"
"No, not much","No, no mucho"
"Would you recommend this web-based monitoring for a friend? Why and why not?","¿Recomendaría usted este sistema de monitoreo en línea a una amiga? Por qué o por qué no?"
"I have been anxious or worried for no good reason","He estado ansiosa o preocupada sin razón"
"Output entry not modified.","Entrada de Producción no modificada."
"Search Diary","Buscar diario"
"February","Febrero"
"The Indiana CTSI","CTSI Indiana"
"Pounds","Libras"
"AM","AM"
"Decrease in blood glucose","Disminución en glucosa sanguínea"
"April","Abril"
"Desktop Version","Versión de Escritorio"
"Output","Producción"
"An error occurred while trying to update the entry","Un error ha ocurrido mientras ha actualizado su entrada"
"Please enter supplement method","Por favor entre el método de suplemento"
"Difficult to awake","Difícil de despertar"
"Manual Hand Pump","Bomba de Mano Manual"
"Only occasionally","Sólo ocasionalmente"
"Handling Notifications","Manejando notificaciones"
"Breastfeeding_and_returning_to_work.pdf","Breastfeeding_and_returning_to_work_es.pdf"
"Contact the primary care provider if continues (baby should not go for more than 5 hours without feeding for the first 5 weeks)","Contacte al proveedor de cuidado primario si continua (el bebé no debe pasar más de 5 horas sin alimentarse por las primeras 5 semanas)"
"Second","Segunda"
"System Usability Scale","Escala de Facilidad de Uso del Sistema"
"Breastfeeding Diary","Diario de Lactancia"
"Breastfeeding Followup Survey Results","Lactancia Resultados de la encuesta Followup"
"Method Of Delivery","Método de Parto"
"Modify Entry","Modificar la entrada"
